Workbook

Sheet Dashboard & Summary
B2: PLANT PRODUCTION & QUALITY DASHBOARD
B4: SELECT DATE (DD-MM-YYYY): | C4: 01-07-2026
B6: TOTAL PRODUCED | C6: TOTAL FRESH | D6: TOTAL SECONDS | E6: FRESH YIELD %
B7: =SUMIFS('Supervisor Entry'!E2:E100, 'Supervisor Entry'!A2:A100, $C$4) | C7: =SUMIFS('Supervisor Entry'!F2:F100, 'Supervisor Entry'!A2:A100, $C$4) | D7: =SUMIFS('Supervisor Entry'!G2:G100, 'Supervisor Entry'!A2:A100, $C$4) | E7: =IF(B7>0, C7/B7, 0)
B10: ITEM WISE QUALITY REPORT
B11: ITEM TYPE | C11: TOTAL PRODUCED | D11: FRESH (GRADE A) | E11: SECONDS (GRADE B) | F11: FRESH %
B12: SAREE | C12: =SUMIFS('Supervisor Entry'!$E$2:$E$100, 'Supervisor Entry'!$D$2:$D$100, B12, 'Supervisor Entry'!$A$2:$A$100, $C$4) | D12: =SUMIFS('Supervisor Entry'!$F$2:$F$100, 'Supervisor Entry'!$D$2:$D$100, B12, 'Supervisor Entry'!$A$2:$A$100, $C$4) | E12: =SUMIFS('Supervisor Entry'!$G$2:$G$100, 'Supervisor Entry'!$D$2:$D$100, B12, 'Supervisor Entry'!$A$2:$A$100, $C$4) | F12: =IF(C12>0, D12/C12, 0)
B13: SUIT | C13: =SUMIFS('Supervisor Entry'!$E$2:$E$100, 'Supervisor Entry'!$D$2:$D$100, B13, 'Supervisor Entry'!$A$2:$A$100, $C$4) | D13: =SUMIFS('Supervisor Entry'!$F$2:$F$100, 'Supervisor Entry'!$D$2:$D$100, B13, 'Supervisor Entry'!$A$2:$A$100, $C$4) | E13: =SUMIFS('Supervisor Entry'!$G$2:$G$100, 'Supervisor Entry'!$D$2:$D$100, B13, 'Supervisor Entry'!$A$2:$A$100, $C$4) | F13: =IF(C13>0, D13/C13, 0)
B14: DUPATTA | C14: =SUMIFS('Supervisor Entry'!$E$2:$E$100, 'Supervisor Entry'!$D$2:$D$100, B14, 'Supervisor Entry'!$A$2:$A$100, $C$4) | D14: =SUMIFS('Supervisor Entry'!$F$2:$F$100, 'Supervisor Entry'!$D$2:$D$100, B14, 'Supervisor Entry'!$A$2:$A$100, $C$4) | E14: =SUMIFS('Supervisor Entry'!$G$2:$G$100, 'Supervisor Entry'!$D$2:$D$100, B14, 'Supervisor Entry'!$A$2:$A$100, $C$4) | F14: =IF(C14>0, D14/C14, 0)
B15: ONLY TOP | C15: =SUMIFS('Supervisor Entry'!$E$2:$E$100, 'Supervisor Entry'!$D$2:$D$100, B15, 'Supervisor Entry'!$A$2:$A$100, $C$4) | D15: =SUMIFS('Supervisor Entry'!$F$2:$F$100, 'Supervisor Entry'!$D$2:$D$100, B15, 'Supervisor Entry'!$A$2:$A$100, $C$4) | E15: =SUMIFS('Supervisor Entry'!$G$2:$G$100, 'Supervisor Entry'!$D$2:$D$100, B15, 'Supervisor Entry'!$A$2:$A$100, $C$4) | F15: =IF(C15>0, D15/C15, 0)
B16: CT TCC | C16: =SUMIFS('Supervisor Entry'!$E$2:$E$100, 'Supervisor Entry'!$D$2:$D$100, B16, 'Supervisor Entry'!$A$2:$A$100, $C$4) | D16: =SUMIFS('Supervisor Entry'!$F$2:$F$100, 'Supervisor Entry'!$D$2:$D$100, B16, 'Supervisor Entry'!$A$2:$A$100, $C$4) | E16: =SUMIFS('Supervisor Entry'!$G$2:$G$100, 'Supervisor Entry'!$D$2:$D$100, B16, 'Supervisor Entry'!$A$2:$A$100, $C$4) | F16: =IF(C16>0, D16/C16, 0)
B19: SUPERVISOR PERFORMANCE REPORT
B20: SUPERVISOR NAME | C20: TOTAL PRODUCTION | D20: FRESH PCS | E20: SECONDS PCS | F20: FRESH %
B21: Ramesh | C21: =SUMIFS('Supervisor Entry'!$E$2:$E$100, 'Supervisor Entry'!$H$2:$H$100, B21, 'Supervisor Entry'!$A$2:$A$100, $C$4) | D21: =SUMIFS('Supervisor Entry'!$F$2:$F$100, 'Supervisor Entry'!$H$2:$H$100, B21, 'Supervisor Entry'!$A$2:$A$100, $C$4) | E21: =SUMIFS('Supervisor Entry'!$G$2:$G$100, 'Supervisor Entry'!$H$2:$H$100, B21, 'Supervisor Entry'!$A$2:$A$100, $C$4) | F21: =IF(C21>0, D21/C21, 0)
B22: Suresh | C22: =SUMIFS('Supervisor Entry'!$E$2:$E$100, 'Supervisor Entry'!$H$2:$H$100, B22, 'Supervisor Entry'!$A$2:$A$100, $C$4) | D22: =SUMIFS('Supervisor Entry'!$F$2:$F$100, 'Supervisor Entry'!$H$2:$H$100, B22, 'Supervisor Entry'!$A$2:$A$100, $C$4) | E22: =SUMIFS('Supervisor Entry'!$G$2:$G$100, 'Supervisor Entry'!$H$2:$H$100, B22, 'Supervisor Entry'!$A$2:$A$100, $C$4) | F22: =IF(C22>0, D22/C22, 0)
B25: PARTY WISE PRODUCTION & QUALITY REPORT
B26: PARTY NAME | C26: TOTAL PRODUCTION | D26: FRESH PCS | E26: SECONDS PCS | F26: FRESH %
B27: Krishna Textiles | C27: =SUMIFS('Supervisor Entry'!$E$2:$E$100, 'Supervisor Entry'!$C$2:$C$100, B27, 'Supervisor Entry'!$A$2:$A$100, $C$4) | D27: =SUMIFS('Supervisor Entry'!$F$2:$F$100, 'Supervisor Entry'!$C$2:$C$100, B27, 'Supervisor Entry'!$A$2:$A$100, $C$4) | E27: =SUMIFS('Supervisor Entry'!$G$2:$G$100, 'Supervisor Entry'!$C$2:$C$100, B27, 'Supervisor Entry'!$A$2:$A$100, $C$4) | F27: =IF(C27>0, D27/C27, 0)
B28: Balaji Fabrics | C28: =SUMIFS('Supervisor Entry'!$E$2:$E$100, 'Supervisor Entry'!$C$2:$C$100, B28, 'Supervisor Entry'!$A$2:$A$100, $C$4) | D28: =SUMIFS('Supervisor Entry'!$F$2:$F$100, 'Supervisor Entry'!$C$2:$C$100, B28, 'Supervisor Entry'!$A$2:$A$100, $C$4) | E28: =SUMIFS('Supervisor Entry'!$G$2:$G$100, 'Supervisor Entry'!$C$2:$C$100, B28, 'Supervisor Entry'!$A$2:$A$100, $C$4) | F28: =IF(C28>0, D28/C28, 0)
B29: Radhe Shyam Corp | C29: =SUMIFS('Supervisor Entry'!$E$2:$E$100, 'Supervisor Entry'!$C$2:$C$100, B29, 'Supervisor Entry'!$A$2:$A$100, $C$4) | D29: =SUMIFS('Supervisor Entry'!$F$2:$F$100, 'Supervisor Entry'!$C$2:$C$100, B29, 'Supervisor Entry'!$A$2:$A$100, $C$4) | E29: =SUMIFS('Supervisor Entry'!$G$2:$G$100, 'Supervisor Entry'!$C$2:$C$100, B29, 'Supervisor Entry'!$A$2:$A$100, $C$4) | F29: =IF(C29>0, D29/C29, 0)
B30: Add Party 4 | C30: =SUMIFS('Supervisor Entry'!$E$2:$E$100, 'Supervisor Entry'!$C$2:$C$100, B30, 'Supervisor Entry'!$A$2:$A$100, $C$4) | D30: =SUMIFS('Supervisor Entry'!$F$2:$F$100, 'Supervisor Entry'!$C$2:$C$100, B30, 'Supervisor Entry'!$A$2:$A$100, $C$4) | E30: =SUMIFS('Supervisor Entry'!$G$2:$G$100, 'Supervisor Entry'!$C$2:$C$100, B30, 'Supervisor Entry'!$A$2:$A$100, $C$4) | F30: =IF(C30>0, D30/C30, 0)
B31: Add Party 5 | C31: =SUMIFS('Supervisor Entry'!$E$2:$E$100, 'Supervisor Entry'!$C$2:$C$100, B31, 'Supervisor Entry'!$A$2:$A$100, $C$4) | D31: =SUMIFS('Supervisor Entry'!$F$2:$F$100, 'Supervisor Entry'!$C$2:$C$100, B31, 'Supervisor Entry'!$A$2:$A$100, $C$4) | E31: =SUMIFS('Supervisor Entry'!$G$2:$G$100, 'Supervisor Entry'!$C$2:$C$100, B31, 'Supervisor Entry'!$A$2:$A$100, $C$4) | F31: =IF(C31>0, D31/C31, 0)

Sheet Supervisor Entry
A1: DATE | B1: DESIGN NO. | C1: PARTY NAME | D1: ITEM TYPE | E1: TOTAL PCS | F1: FRESH PCS | G1: SECONDS PCS | H1: SUPERVISOR NAME
A2: 01-07-2026 | B2: DS-1001 | C2: Krishna Textiles | D2: SAREE | E2: 138 | F2: 130 | G2: 8 | H2: Ramesh
A3: 01-07-2026 | B3: DS-1001 | C3: Krishna Textiles | D3: SUIT | E3: 22 | F3: 20 | G3: 2 | H3: Ramesh
A4: 01-07-2026 | B4: DS-1001 | C4: Krishna Textiles | D4: DUPATTA | E4: 53 | F4: 52 | G4: 1 | H4: Ramesh
A5: 01-07-2026 | B5: DS-1002 | C5: Balaji Fabrics | D5: SAREE | E5: 173 | F5: 160 | G5: 13 | H5: Suresh
A6: 01-07-2026 | B6: DS-1002 | C6: Balaji Fabrics | D6: SUIT | E6: 14 | F6: 12 | G6: 2 | H6: Suresh
A7: 02-07-2026 | B7: DS-1003 | C7: Radhe Shyam Corp | D7: SAREE | E7: 188 | F7: 180 | G7: 8 | H7: Ramesh
A8: 02-07-2026 | B8: DS-1004 | C8: Krishna Textiles | D8: SUIT | E8: 100 | F8: 95 | G8: 5 | H8: Suresh
